race,RACEETH,Percentage
White,0.8242863321799307,82.42863321799308
Black,0.08699178200692041,8.69917820069204
Hispanic,0.06731185121107268,6.731185121107268
