race,pop,stops,rate
White,856869,344734,0.402318
Black,60189,68579,1.139394
Asian,30457,12826,0.421118
Hispanic,130655,53125,0.406605
	 

