race,RACEETH,Percentage
White,0.7313228238519534,73.13228238519534
Black,0.15558601782042494,15.558601782042494
Hispanic,0.09389993145990404,9.389993145990404
