race,RACEETH,Percentage
White,0.8064967428846238,80.64967428846238
Black,0.1001180431075941,10.01180431075941
Hispanic,0.07239977265771871,7.239977265771872
